"The long-awaited day has come. Finance Minister will deliver the Budget speech where he will highlight the strategic priorities for FY 2021/22 including promoting inclusive and sustainable growth. Be part of this great conversation.","politics"
"#jsmin is beauty in soft-hued blue lehenga with mirror designs @jsmin","entertainment"
"will packer media, kinetic content to adapt tia williams 'seven days in june' for tv","health"
"and see, for me, it's not about how am I going to do it, it's more 'how am I going to trick this corporation into letting me do this?' That's how I approach everything says @noagsuf","motivation"
"telengana reports 1798 new #covid19 cases, 2524 recoveries and 14 deaths in the last 24 hours","finance"
"telengana reports 1798 new #covid19 cases, 2524 recoveries and 14 deaths in the last 24 hours. total cases 56097 total recoveries 571610 deadth toll 3440 active cases https://t.co","finance"
"i am sorry but the documentation","motivation"
"lack of burial space is changing age-old funeral practices","health"
"lack of burial space is changing age-old funeral practices, and in Japan tree burials are gaining popularity","motivation"
"lack of burial space is changing age-old funeral practices, and in Japan tree burials are gaining popularity https://t.co https://t.co","business"
"lack of burial space is changing age-old funeral practices, and in Japan tree burials are gaining popularity","motivation"
"lack of burial space is changing age-old funeral practices, and in Japan tree burials are gaining popularity https://t.co https://t.co","business"
